1838315,CORSAIR
1838315,Uwin
1838315,Secretlab
1838315,ookyo
1838315,NVIDIA
1838315,Meta Threads
1838315,Twitch
1883502,Mr.Cat
1883502,Parimatch
1883502,TORNADO ENERGY
1883502,DXRACER
1883502,Fragstore
1883502,MegaFon
726228,HLA JEANS
726228,Thunder Fire
726228,Douyu
726228,Three Squirrels
726228,CLEAR
726228,HyperX
726228,BiXin
726228,AMD
726228,DXRACER
39,FVBET
39,Monster Energy
39,Xfinity
39,Razer
39,AMD
39,Twitch
39,Scuf Gaming
39,NEEDforSEAT
39,DesignByHumans
2163,Marvel
2163,Alienware
2163,Monster Energy
2163,SAP
2163,Honda
2163,Twitch
2163,Jersey Mike's Subs
2163,HyperX
2163,NEEDforSEAT
2163,HUYA
15,PSG Esports(Partnership)
15,VPGAME
15,HLA JEANS
15,Betway
15,China CITIC Bank
15,Monster Energy
15,Douyu
15,Nongfu Spring
15,CLEAR
15,IPASON
15,Ctrip.com
15,Harbin Beer
350190,OnePlus
350190,Rivalry
350190,Chillblast
350190,Monster Energy
350190,DXRACER
350190,Strafe Esports
350190,Fnatic Gear
350190,AMD
5110520,Betway
5110520,Republic of Gamers
5110520,Nighthawk Pro Gaming
5110520,Xtrfy
5110520,DXRACER
5110520,Panasonic LUMIX
5110520,Epics Digital Collectibles
2108395,Intel
2108395,NVIDIA GeForce
2108395,Acer Predator
2108395,BIG FOUR Global Technologies
2108395,BIEGAME
3215183,Red Bull
3215183,SteelSeries
3215183,Socios.com
111474,GG.BET
111474,Monster Energy
111474,Razer
111474,Twitch
111474,DesignByHumans
2626685,JBO
2626685,IPASON
2626685,CLEAR
2626685,AKPLAYER
2626685,NVIDIA
2626685,Douyu
2626685,SteelSeries
1375614,RAYBET
1375614,Li-Ning
1375614,Sennheiser
1375614,Secretlab
1375614,Intel
1375614,NVIDIA GeForce
1375614,DianJingDaShi
2672298,AngGame
2672298,OMEN by HP
2672298,HyperX
2672298,ESET
2672298,Cifrut
2672298,Walon
2672298,Fiberlux
2672298,Windows 10
2672298,Florpad
7439348,100TB
7439348,Private Internet Access
36,GG.BET
36,Monster Energy
36,HyperX
36,OMEN by HP
36,DXRACER
36,Caffeine
36,Borjomi
6209804,Li-Ning
6209804,Red Magic 3 (Nubia)
00,Shalonghui_S36
00,Acer Predator
00,SEA Gamer Mall
